customer_id,name,region,signup_date
1,Kelly Cowan,Bulgaria,10/12/2024
2,Susan Schneider,Ecuador,1/30/2024
3,Darryl Ball,Cayman Islands,3/1/2024
4,Curtis Davidson,Japan,1/3/2024
5,Shawn Andrews,Benin,2/28/2024
6,Samantha Stone,Suriname,12/8/2023
7,Matthew Palmer,French Southern Territories,8/21/2023
8,Erika Richards,British Virgin Islands,12/6/2024
9,Jessica Clay,Chad,5/31/2023
10,Kristen Lewis,Central African Republic,8/25/2023
11,Albert Whitaker,Oman,3/27/2025
12,Gerald Ortiz,Kyrgyz Republic,6/10/2024
13,Tiffany Banks,Madagascar,10/18/2024
14,Hannah Reyes,Egypt,12/22/2024
15,Dominique Hendrix,Brazil,10/5/2024
16,Charles Clark,Saint Kitts and Nevis,5/30/2024
17,David Black,Kuwait,4/16/2024
18,Brad Bartlett,Cayman Islands,8/13/2024
19,Michael Davis,Afghanistan,12/6/2024
20,Melissa Garza,Faroe Islands,8/2/2024
21,Kristina Simpson,Barbados,12/27/2023
22,Christopher Watson,Cape Verde,5/24/2023
23,Catherine Reyes,Ghana,1/5/2024
24,Melinda Jimenez,Saint Vincent and the Grenadines,2/21/2024
25,Susan Vincent,Mayotte,7/16/2023
26,Anna Tran,Fiji,7/14/2024
27,Nicole Chandler,Germany,5/31/2023
28,Kristopher Ellis MD,Saint Pierre and Miquelon,7/23/2023
29,Michelle Campbell,South Georgia and the South Sandwich Islands,9/16/2024
30,Tyler Nielsen,Egypt,3/26/2025
31,Michelle Durham,Cote d'Ivoire,4/2/2024
32,Christopher Stout,United States Virgin Islands,7/6/2023
33,Jonathan Compton,Cook Islands,7/10/2024
34,Michael Lewis,Nepal,9/19/2023
35,James Rivers,Bhutan,2/9/2025
36,David Hernandez,Costa Rica,12/22/2023
37,Raymond Best,Christmas Island,12/27/2024
38,Katelyn Thompson,Zambia,11/28/2024
39,Renee Gonzalez,Falkland Islands (Malvinas),4/24/2024
40,Anthony Scott,Turkmenistan,11/11/2023
41,Shawn Oliver,French Southern Territories,1/23/2024
42,Matthew Kelly,Nigeria,3/31/2024
43,Susan Copeland,Mayotte,12/4/2024
44,Jody Chambers,Indonesia,3/19/2025
45,Dennis West,Sierra Leone,1/14/2025
46,Elizabeth Oliver,Denmark,11/13/2024
47,Joseph Joyce,Malawi,6/1/2023
48,Christopher Deleon,French Southern Territories,2/25/2024
49,James Brown,Korea,4/14/2025
50,Wesley Robertson,Gabon,7/1/2024
51,Christopher Weaver,Honduras,3/3/2025
52,Richard Hernandez,Burundi,5/6/2025
53,Dana Hansen,Jersey,6/29/2023
54,Christine Coleman,Myanmar,12/20/2023
55,Natasha Cook,Tuvalu,9/21/2023
56,Michael Serrano,Nicaragua,1/29/2024
57,Mark Stein,Rwanda,2/7/2025
58,Susan Robinson,Panama,7/18/2023
59,Allison Andrews,Fiji,12/19/2024
60,Zachary Martin,Vietnam,9/26/2023
61,Timothy Henry,Kazakhstan,2/21/2024
62,Troy Mclean,Hong Kong,10/18/2023
63,Frank Roberts,Colombia,10/17/2023
64,Ronald Weber,Angola,12/10/2023
65,Rachel Buck,China,8/9/2023
66,Megan Rhodes,Tuvalu,4/14/2024
67,Glenn Murphy,Gabon,8/10/2023
68,Don Gill,Mauritania,10/2/2023
69,Veronica Stewart,Brazil,11/3/2024
70,Kevin Davis,Haiti,9/28/2023
71,Ronald Scott,Qatar,4/21/2024
72,Amber Woodward,Cameroon,4/26/2025
73,Mr. Jonathan Ferguson,British Virgin Islands,7/20/2023
74,Trevor Caldwell,Netherlands,2/1/2025
75,John Davis,Uzbekistan,12/21/2024
76,John Burke,Jersey,1/15/2025
77,Melissa Bowman,Bosnia and Herzegovina,7/24/2024
78,Kelly Black,Antarctica (the territory South of 60 deg S),12/9/2024
79,Eric Davis,Turkey,3/10/2024
80,Faith Williams,Saint Helena,11/9/2024
81,Patricia Cobb,Georgia,5/13/2024
82,Angela Ramirez,Guinea-Bissau,3/25/2024
83,Jason Salinas,Wallis and Futuna,11/10/2024
84,Desiree Baker,Guinea-Bissau,11/2/2024
85,Crystal Cochran,Switzerland,7/17/2024
86,Christopher Mccoy,Guinea-Bissau,1/24/2025
87,Christina Carroll,Faroe Islands,10/17/2023
88,Noah Sanchez,Cambodia,12/1/2023
89,Christopher Mason,French Guiana,5/17/2024
90,Cheryl Cunningham,South Africa,3/26/2024
91,John Taylor,Guadeloupe,1/8/2024
92,Taylor Thompson,Comoros,7/9/2023
93,Austin Anthony,Dominican Republic,4/20/2024
94,Linda Marshall,Senegal,8/27/2024
95,Peter Cook,Bolivia,9/14/2024
96,Kim Holmes,Palestinian Territory,10/25/2024
97,Jamie Peters,Belgium,8/9/2024
98,Erika Tucker,Barbados,2/4/2024
99,Jack Romero,Saint Helena,12/14/2024
100,Donald White,Lithuania,7/5/2024
101,Brent Bell,Kenya,6/27/2023
102,John Tran,Martinique,3/26/2024
103,Michelle Franklin,Jordan,3/12/2024
104,Connor Blackburn,Moldova,12/4/2024
105,Christine Rivera,Turks and Caicos Islands,1/8/2024
106,Nicole Hess,United Arab Emirates,2/3/2024
107,Cynthia Freeman,Jersey,8/12/2024
108,Francis Guzman,Saint Helena,1/7/2024
109,Ashlee Simmons,Guinea,7/19/2023
110,Robert Quinn,Niue,1/17/2025
111,Danielle Zhang,United States of America,6/16/2023
112,Shawn West,Togo,9/9/2024
113,Morgan Holmes,El Salvador,12/18/2024
114,Robert Blanchard,Saint Kitts and Nevis,3/14/2024
115,Danny Olson,Bermuda,12/4/2024
116,Mercedes Khan,Sweden,1/1/2025
117,James Rowe,French Southern Territories,11/7/2023
118,David Everett,Canada,7/20/2024
119,Christopher White,Senegal,9/15/2023
120,David Cline,Nepal,3/8/2025
121,David Adams,Afghanistan,1/16/2025
122,Keith Roberts,United States Virgin Islands,5/13/2024
123,Dylan Bean,Indonesia,1/15/2024
124,Christian Johnson,Kazakhstan,9/10/2024
125,Theresa Cross,Belize,2/4/2025
126,Jennifer Rivers,Niger,5/30/2023
127,Thomas Schultz,Poland,7/3/2024
128,Sally Zimmerman,Costa Rica,1/6/2025
129,Matthew Wolfe,Bermuda,12/29/2024
130,Raymond Lester,Yemen,12/27/2023
131,Steven Johnson,Belgium,3/20/2024
132,Karen Hayes,Switzerland,6/11/2024
133,Sarah Brennan,Germany,11/4/2023
134,Michelle Ware,Indonesia,3/3/2025
135,Jamie Dickson,Micronesia,7/19/2023
136,James Ramirez,Saint Helena,9/22/2023
137,Steven Davis,Greece,3/27/2024
138,Kenneth Fox,Haiti,11/6/2024
139,John Foster,Saint Pierre and Miquelon,4/9/2024
140,Jeffrey Taylor,Wallis and Futuna,2/22/2024
141,Luke Saunders,Falkland Islands (Malvinas),7/19/2023
142,Robert Obrien,Mauritius,5/26/2023
143,Luis Kelly,Macedonia,1/17/2024
144,Ricky Garner,Niue,6/20/2024
145,Latoya Clark,Netherlands Antilles,9/27/2023
146,Jacob Torres,Micronesia,12/3/2023
147,Tammy Thomas,Argentina,10/22/2023
148,Ellen Brown,Guernsey,6/9/2023
149,Stacey Bass,Bangladesh,2/8/2025
150,William Long,Qatar,5/26/2023
151,Mary Garcia,Uganda,5/25/2023
152,Patricia Hardin,China,10/29/2023
153,Anthony Martin,Romania,12/7/2023
154,Sarah Rogers,Cyprus,7/24/2024
155,Robert Kelley,Greece,7/3/2024
156,Blake Kirk,Australia,3/19/2025
157,Jennifer Shields,Mozambique,7/10/2024
158,Anthony Patterson,Cyprus,5/20/2024
159,Logan Michael,Indonesia,5/27/2023
160,Jeffrey Griffin,Equatorial Guinea,8/28/2023
161,Steven Daniel,Norway,7/15/2023
162,Sabrina Khan,Nicaragua,9/4/2023
163,Nicholas Blake,Sierra Leone,3/29/2024
164,Richard Bernard,Nauru,9/8/2024
165,Danielle Blackburn,South Georgia and the South Sandwich Islands,11/17/2023
166,Julie Rodriguez,Luxembourg,6/25/2023
167,Marie Riddle,Macao,2/14/2025
168,Rachel Humphrey,Bhutan,11/10/2024
169,Zachary Noble,Guam,12/26/2024
170,David Vargas,Mauritania,9/10/2023
171,Alison Wilson,Barbados,1/8/2025
172,Jordan James,Slovenia,10/20/2023
173,Aaron Hale,San Marino,4/26/2025
174,Penny Jones,Liberia,9/10/2024
175,Christopher Jones,Jamaica,8/28/2023
176,Julie Burns,Morocco,3/4/2025
177,Charles Villanueva,United States Minor Outlying Islands,8/10/2023
178,Melanie Smith,Swaziland,2/2/2024
179,Gregory Yu,Denmark,7/1/2023
180,Daniel Vaughan,Albania,6/29/2023
181,Willie Spencer,Canada,1/5/2025
182,Michael Bennett,Poland,10/6/2023
183,Ryan Roberson,Puerto Rico,5/9/2025
184,Candice Santos,Mali,2/9/2025
185,Joshua Lucas,Serbia,11/8/2023
186,Anthony Jacobson,Congo,7/6/2023
187,Jacqueline Garcia,United States Minor Outlying Islands,5/1/2024
188,Vincent Rodriguez,Nauru,9/13/2024
189,Amber Daniel,Luxembourg,6/15/2023
190,Jason Brown,Egypt,8/8/2024
191,Devin Soto,Norway,3/4/2024
192,Mark Vargas,Eritrea,2/8/2024
193,Tanner Byrd,Luxembourg,12/14/2024
194,Anna Vasquez,Somalia,4/10/2024
195,David Ellis,Croatia,8/10/2023
196,James Mcintyre,Grenada,10/7/2024
197,Marie Espinoza,Myanmar,5/18/2024
198,Chad Turner,Bahrain,5/11/2025
199,Maureen Andrews,Lesotho,10/19/2024
200,Mrs. Suzanne Phillips,Greece,11/26/2023
201,Rhonda Cooper,Senegal,8/3/2024
202,Matthew Patel,Grenada,7/1/2024
203,Bryan Peterson,Saint Barthelemy,10/18/2024
204,Shannon Rodriguez,Central African Republic,5/20/2024
205,Mark Salinas,Macedonia,10/24/2023
206,Betty Osborne,Finland,2/3/2024
207,Diana Rogers,Cuba,3/9/2024
208,Laurie Fletcher,British Virgin Islands,3/9/2024
209,Todd Mccarty,Greece,4/15/2024
210,Jay Peck,Kyrgyz Republic,12/20/2023
211,Patrick Welch,Sierra Leone,10/23/2023
212,Megan Shaffer,Saint Helena,7/18/2023
213,Robert Cox,Comoros,5/5/2024
214,Ariel Thompson,Bosnia and Herzegovina,6/29/2023
215,Mary Schmidt,Tajikistan,5/28/2024
216,Keith Higgins,Anguilla,1/11/2025
217,Tonya Ryan,Slovakia (Slovak Republic),4/14/2024
218,Brandon Berry,Equatorial Guinea,8/9/2024
219,Scott Lawson,Luxembourg,7/4/2024
220,Colleen Cox,Belize,10/24/2023
221,Regina Salazar,Turkmenistan,6/6/2023
222,Lisa Rasmussen,San Marino,11/11/2024
223,Elizabeth Sellers,Swaziland,6/3/2024
224,Larry King,Niue,2/19/2024
225,Steve Bennett,Cayman Islands,10/25/2023
226,Christine Daugherty,Botswana,10/10/2024
227,Kimberly Hull,Philippines,2/6/2024
228,Brandon Franco,Cyprus,3/7/2024
229,Gregory Campbell,Colombia,1/18/2024
230,Trevor Knox,Tanzania,11/18/2024
231,Mr. Todd Sanchez,Holy See (Vatican City State),6/25/2023
232,Jocelyn Mathis,Greenland,1/6/2024
233,Dustin Harrison,Saint Kitts and Nevis,4/19/2024
234,Linda Thompson,Lebanon,4/12/2024
235,Jordan Novak,Venezuela,7/17/2024
236,Alexandra Fisher,Tajikistan,10/15/2023
237,Kim King,Ethiopia,9/11/2024
238,Kimberly Lam,Honduras,4/16/2024
239,Nicole Bowen,San Marino,9/13/2023
240,Monica Thompson,Tajikistan,3/1/2025
241,Christine Willis,Uruguay,3/6/2024
242,Danielle Martinez,Belarus,12/30/2024
243,Ashley Moore MD,Poland,4/23/2025
244,Jennifer Sanchez,Tanzania,3/14/2025
245,Daniel Green,Singapore,5/19/2024
246,David Powell,Iran,2/14/2025
247,Tracy Burton,Guam,11/25/2023
248,Jonathan Payne,Dominica,7/6/2023
249,Jake Hanna,Tokelau,7/23/2024
250,Danielle Ryan,Bhutan,3/25/2025
251,Carolyn Hensley,South Africa,7/26/2024
252,Antonio Palmer,Sri Lanka,10/18/2024
253,Amanda Anderson,Singapore,11/5/2023
254,Jesse Wright,Tajikistan,1/29/2024
255,Darren Perez,American Samoa,6/24/2024
256,Brian Hunter,Uruguay,5/6/2025
257,Robert Williams,Dominican Republic,4/5/2025
258,Kelly Baker,Lao People's Democratic Republic,1/26/2025
259,Kimberly Mullen,Holy See (Vatican City State),2/6/2025
260,John Jones,Liechtenstein,4/17/2024
261,Allison Ramsey,Saint Vincent and the Grenadines,3/26/2025
262,Jaclyn Cooley,Nigeria,1/26/2025
263,Tyler Clay,Hungary,8/19/2023
264,Shelley Marquez,Cayman Islands,1/20/2025
265,Scott Glover,France,2/7/2024
266,James Mendez,Ukraine,5/21/2024
267,Erin Parrish,Lao People's Democratic Republic,8/27/2023
268,Kelli Mccoy,Peru,10/24/2024
269,Brian Greer,United Kingdom,4/10/2025
270,Eric Larson,Turks and Caicos Islands,12/8/2023
272,Jeremy Hill,Nauru,12/10/2023
273,Cameron Lawrence,Japan,3/2/2025
274,Megan White,Jersey,5/16/2025
275,Patricia Johnson,Liberia,8/1/2023
276,Nicholas Flores,Vanuatu,4/4/2025
277,Ashley Collins,French Polynesia,6/4/2023
278,Elizabeth Gonzales,Gambia,4/20/2025
279,Brian Perez,Cayman Islands,8/17/2024
280,Joseph May,Liechtenstein,12/2/2023
281,Thomas Baker,Wallis and Futuna,8/16/2023
282,Sarah Terry,Germany,10/3/2023
283,Cameron Watts,Bhutan,12/18/2024
284,Tamara Wright,Ethiopia,4/15/2025
285,Joseph Chan,Pakistan,6/13/2024
286,Martha Wolf,Ecuador,2/22/2024
287,Monica Webb,Turkmenistan,12/14/2024
288,Isaac Moody,Peru,3/7/2025
289,Sean Wiggins,French Southern Territories,4/4/2024
290,Kerry Armstrong,Mauritius,4/5/2025
291,Ryan Randall,Mauritius,9/28/2023
292,Erik Johnson,Bahrain,7/17/2023
293,Joseph Frost,American Samoa,2/8/2025
294,Michael Curtis,Cocos (Keeling) Islands,8/12/2023
295,John Reed,Iraq,12/5/2023
296,Kathleen Cooke,Chad,2/19/2025
297,Elizabeth Singh,Jordan,4/18/2025
298,Shannon Bailey,Dominica,5/10/2024
299,Amanda Blair,Croatia,6/14/2023
300,Douglas Lopez,Saint Pierre and Miquelon,6/4/2024
301,Christopher Smith,Bosnia and Herzegovina,12/25/2024
302,Adam Williams,Nicaragua,8/2/2024
303,Danielle Phillips,Sierra Leone,8/8/2023
304,Philip Castro,Bosnia and Herzegovina,9/22/2023
305,Eric Kelly,British Virgin Islands,12/5/2023
306,Meredith Hernandez,British Virgin Islands,9/9/2023
307,Patricia Barton,Brazil,11/20/2024
308,Elizabeth Wright,Kuwait,11/4/2023
309,Nicholas Manning,Morocco,8/10/2023
310,Kim Montgomery,United Arab Emirates,5/1/2024
311,Toni Wilson,Fiji,9/4/2023
312,Alfred Martin,Iceland,7/15/2023
313,Robert Nixon,South Georgia and the South Sandwich Islands,10/28/2024
314,Christopher Stevens,Albania,5/8/2025
315,Antonio Mcdaniel,Burundi,3/26/2025
316,Hannah Williams,Venezuela,1/10/2025
317,Nicole Donaldson MD,Tanzania,11/5/2024
318,Dawn Hanson,French Polynesia,1/11/2024
319,David Black,Wallis and Futuna,12/28/2023
320,Leslie Simon,Afghanistan,3/14/2024
321,Jessica Johnson,Denmark,7/16/2023
322,Kevin Gibbs,Netherlands Antilles,3/9/2024
323,Lauren Richardson,San Marino,2/25/2024
324,Bradley Garrison,Kazakhstan,2/12/2024
325,Victoria Dominguez,Canada,8/26/2023
326,Danny Reese,Venezuela,3/12/2025
327,Terry Smith,Saint Helena,8/12/2023
328,Yvonne Ruiz,Algeria,5/30/2024
329,Lauren Snyder,Moldova,5/11/2025
330,Kaitlyn Harrison,Norway,5/30/2023
331,Denise Garcia,Serbia,1/22/2025
332,Dale Lopez,Cameroon,9/24/2023
333,Karen Mckay,Morocco,10/30/2024
334,Jerry Scott,Pitcairn Islands,11/1/2024
335,Brandon Bryan,Rwanda,12/24/2023
336,David Newton,Brazil,1/27/2025
337,Michael Glover,Pakistan,10/26/2024
338,Daniel Taylor,Colombia,6/27/2023
339,Susan Fowler,Libyan Arab Jamahiriya,10/13/2023
340,Alexandra Fischer,Marshall Islands,3/20/2025
341,Victor Alvarez,British Indian Ocean Territory (Chagos Archipelago),3/24/2025
342,Eric Wagner,Puerto Rico,7/9/2023
343,Thomas Butler,Wallis and Futuna,1/28/2025
344,Jacqueline Frederick,Sao Tome and Principe,1/21/2024
345,Jonathon Ballard,Lebanon,2/5/2025
346,Karen King,Moldova,8/18/2023
347,Kevin Oconnor,Faroe Islands,4/22/2024
348,Kendra Watkins,Ireland,4/17/2025
349,Tara Estes,Cote d'Ivoire,8/12/2024
350,Hector Robinson,Timor-Leste,3/5/2024
351,Christina Mata,Australia,7/27/2024
352,Rachel Dennis,Swaziland,7/26/2024
353,Daniel Rhodes,Isle of Man,4/27/2024
354,Justin Frederick,Sweden,12/28/2023
355,Joshua Shelton,Yemen,8/19/2024
356,Chelsea Chavez,Cook Islands,7/2/2023
357,Richard Ward,Bolivia,8/9/2024
358,Brittney Hunter,Afghanistan,1/19/2024
359,Amy Martin,Tajikistan,5/18/2025
360,Richard Frazier,Spain,5/4/2024
361,Jennifer Jordan,Poland,3/17/2024
362,William Mahoney,Greece,3/6/2025
363,Jason Perry,Switzerland,8/3/2024
364,Crystal Reynolds,Cayman Islands,12/20/2023
365,Erik Lyons,Lithuania,4/30/2025
366,Leah Hart,Holy See (Vatican City State),6/7/2024
367,Cheryl Black,Cape Verde,5/31/2024
368,Henry Cooper,Philippines,12/21/2024
369,Jonathan Mccarty,Thailand,1/30/2024
370,Ryan Stevenson,Bahrain,7/10/2024
371,Elizabeth Dean,Saudi Arabia,5/29/2023
372,Richard Douglas,Seychelles,12/9/2023
373,Joseph Johnson,Sri Lanka,9/3/2024
374,Michelle Short,Peru,3/23/2024
375,Jason Fox,Mauritius,2/2/2024
376,Margaret Allison,Nauru,10/18/2023
377,James Gregory,India,3/28/2025
378,Sean Mills,Pakistan,5/25/2024
379,Terry Gray,Norway,5/25/2024
381,Daniel Briggs,Ukraine,1/21/2024
382,Ryan Lucero,Guam,3/28/2025
383,Danielle Shepherd,Chad,4/18/2024
384,Daniel Campbell,Spain,8/31/2023
385,Mr. Philip Woods DDS,Tajikistan,11/3/2024
386,James Ford,Canada,10/16/2023
387,Cheryl Riley,Central African Republic,4/16/2024
388,Leonard Guerra,Ethiopia,3/14/2024
389,John Gonzalez,Bermuda,5/30/2024
390,Angela Williams,Antigua and Barbuda,12/4/2024
391,David Oconnor,Heard Island and McDonald Islands,2/19/2025
392,Matthew Smith,Benin,1/11/2024
393,Samuel Martin,Guinea-Bissau,4/14/2024
394,Brian Foster,Dominica,9/1/2023
395,Jennifer Wilson,Bhutan,2/12/2025
396,Lisa Singh,Myanmar,1/14/2024
397,Edwin Meyer,Cook Islands,9/8/2023
398,Christopher Lee,Bolivia,4/19/2025
399,Scott Rowe,Pakistan,3/30/2025
400,Patricia Miller,Luxembourg,7/27/2024
401,Beverly Patel,United Kingdom,4/18/2025
402,Jennifer Terrell,Saudi Arabia,9/21/2024
403,Dana Ward,Turkmenistan,4/28/2024
404,Daniel Lin,Guernsey,10/24/2024
405,Kenneth Gonzales,Ethiopia,7/17/2023
406,Tiffany Sullivan,Monaco,12/6/2024
407,Patricia Scott,Azerbaijan,10/11/2023
408,Lee Powell,Uganda,6/18/2023
409,Anthony Patel,Central African Republic,1/9/2024
410,Maria Snyder,Puerto Rico,5/28/2024
411,Felicia Yang,Gibraltar,2/2/2025
412,James Howard,Congo,11/6/2023
413,Tiffany Johnson,Saint Kitts and Nevis,8/28/2023
414,Andrew Rivera,Jamaica,1/21/2024
415,Jesse Young,Faroe Islands,7/12/2024
416,Stacey Lamb,Niue,5/23/2024
417,Krystal Hoover,Martinique,5/18/2024
418,Tyler Watkins,Taiwan,3/16/2025
419,Darrell Hubbard,Senegal,2/5/2024
420,Morgan Allen,Australia,7/28/2023
421,Heidi Smith,Canada,8/24/2023
422,Benjamin Brown,Tonga,8/7/2023
423,William Walker,Macedonia,7/26/2024
424,David White,Comoros,9/19/2024
425,Jeffrey Ponce,Guyana,11/16/2024
426,Robert Stevens,Malawi,5/2/2025
427,Laura Gonzalez,Gabon,10/19/2023
428,Rick Ray,Christmas Island,4/12/2025
429,Amy James,Denmark,6/5/2023
430,Tara Johnson,Greece,4/10/2025
431,James Lawson,Syrian Arab Republic,5/23/2025
432,Ariel Reeves,Central African Republic,7/5/2024
433,John Miller,Cocos (Keeling) Islands,11/10/2023
434,Jessica Knapp,Egypt,2/24/2025
435,Thomas Rodriguez,Nauru,3/1/2025
436,Tonya Gonzales,Liberia,1/23/2025
437,Stephen Mcclure,Croatia,3/9/2025
438,Thomas Tran,Russian Federation,11/11/2024
439,Kimberly Smith,Slovakia (Slovak Republic),9/9/2023
440,Jeffrey Cole,Guadeloupe,1/3/2024
441,Rita Clark,Malta,4/23/2025
442,Katherine Martin DVM,Germany,5/29/2024
443,Jason Vazquez,Guadeloupe,10/9/2024
444,Linda Tucker,Guatemala,10/7/2023
445,Christine Olsen,Tajikistan,7/14/2024
446,Michelle Lewis,Saint Martin,12/12/2023
447,Laura Peterson,Latvia,10/1/2023
448,Stephanie Vega,Central African Republic,3/10/2025
449,David Bell,Somalia,3/9/2024
450,Teresa Austin,Germany,11/3/2023
451,James Rodriguez,El Salvador,11/17/2024
452,Lawrence Cook,Congo,11/12/2023
453,Keith Rivera,Pitcairn Islands,7/5/2023
454,Mary Martin,Vanuatu,11/28/2024
455,Toni Flynn,Swaziland,3/18/2024
456,Cody Adams,Uruguay,7/6/2024
457,Tina Pierce,Vietnam,11/16/2024
458,Theresa Mcneil,Latvia,5/4/2025
459,Joshua Mcconnell,Lebanon,11/12/2024
460,Gail Robertson,Singapore,9/20/2023
461,Steven Flores,South Africa,9/4/2023
462,Jenna Mejia,Micronesia,10/20/2023
463,Justin Sparks,Romania,3/1/2024
464,William Gross,South Georgia and the South Sandwich Islands,1/25/2025
465,Heather Davidson,Thailand,8/24/2023
466,Ricky Harrell,Liechtenstein,2/28/2025
467,Crystal Watson,Trinidad and Tobago,8/22/2024
468,Derek Wall,Tanzania,7/16/2023
469,Patricia Jackson,Isle of Man,12/9/2023
470,Cindy Johnson,Iran,4/28/2024
471,Amy Woods,Bangladesh,7/21/2024
472,Andrea Reynolds,Trinidad and Tobago,2/2/2025
473,Brian Davis,Uganda,4/7/2025
474,Brandi Rush,Nigeria,3/10/2025
475,Michael Taylor,Uruguay,5/15/2025
476,Matthew Bartlett,India,7/3/2024
477,Thomas Smith,Palau,4/12/2025
478,Beth Ortega,Saint Martin,7/11/2023
479,Jody Smith,Greenland,4/21/2025
480,Aaron Brewer,Qatar,2/11/2024
481,Jason Williams,Dominica,8/7/2023
482,Anita Robinson,Puerto Rico,3/9/2024
483,Elizabeth Hinton,Cape Verde,10/24/2023
484,Lauren Thompson,Zambia,4/12/2025
485,Mrs. Amy Contreras,Ethiopia,12/16/2024
486,Linda Fry,Saint Lucia,10/25/2024
487,Michael Young,Anguilla,5/31/2024
488,Ashley Harrison,Cyprus,11/25/2024
489,William Taylor,Bangladesh,8/10/2023
490,Scott Watson,Croatia,12/29/2023
491,Ashley Cohen,Andorra,5/30/2024
492,Patricia Ruiz,Zambia,9/17/2024
493,James Castro,Norway,10/8/2023
494,Justin Yates,Heard Island and McDonald Islands,7/26/2024
495,Sarah Phillips,Palestinian Territory,8/5/2023
496,Veronica Henry,Hong Kong,7/16/2023
497,Amanda Sampson,Paraguay,1/31/2024
498,Jeffrey Smith,Fiji,3/18/2024
499,Jeffrey Morales,Solomon Islands,6/17/2023
500,Jeffrey Smith,Cyprus,12/24/2023
